Workbook

Sheet Votes
A1: Department | B1: Nominee | C1: President | D1: Year | E1: Senate Action Date | F1: Congress | G1: Outcome | H1: Vote Type | I1: Yeas | J1: Nays | K1: Present | L1: Not Voting | M1: VP Tie-Break | N1: Margin (Yeas - Nays) | O1: Yea Share | P1: Senate Roll Call No. | Q1: Voteview ID | R1: Not-Voting Source | S1: Notes
A2: State | B2: Elihu Root | C2: T. Roosevelt | D2: 1905 | G2: Confirmed | H2: No roll call recorded | N2: =IF(I2="","",I2-J2) | O2: =IF(I2="","",I2/(I2+J2))
A3: State | B3: Robert Bacon | C3: T. Roosevelt | D3: 1909 | G3: Confirmed | H3: No roll call recorded | N3: =IF(I3="","",I3-J3) | O3: =IF(I3="","",I3/(I3+J3))
A4: State | B4: Philander C. Knox | C4: Taft | D4: 1909 | G4: Confirmed | H4: No roll call recorded | N4: =IF(I4="","",I4-J4) | O4: =IF(I4="","",I4/(I4+J4))
A5: State | B5: William Jennings Bryan | C5: Wilson | D5: 1913 | G5: Confirmed | H5: No roll call recorded | N5: =IF(I5="","",I5-J5) | O5: =IF(I5="","",I5/(I5+J5))
A6: State | B6: Robert Lansing | C6: Wilson | D6: 1915 | G6: Confirmed | H6: No roll call recorded | N6: =IF(I6="","",I6-J6) | O6: =IF(I6="","",I6/(I6+J6))
A7: State | B7: Bainbridge Colby | C7: Wilson | D7: 1920 | G7: Confirmed | H7: No roll call recorded | N7: =IF(I7="","",I7-J7) | O7: =IF(I7="","",I7/(I7+J7))
A8: State | B8: Charles Evans Hughes | C8: Harding | D8: 1921 | G8: Confirmed | H8: No roll call recorded | N8: =IF(I8="","",I8-J8) | O8: =IF(I8="","",I8/(I8+J8))
A9: State | B9: Frank B. Kellogg | C9: Coolidge | D9: 1925 | G9: Confirmed | H9: No roll call recorded | N9: =IF(I9="","",I9-J9) | O9: =IF(I9="","",I9/(I9+J9)) | S9: A 1923 roll call (75-9) on Kellogg is for his nomination as Ambassador to the UK, not Secretary of State.
A10: State | B10: Henry L. Stimson | C10: Hoover | D10: 1929 | G10: Confirmed | H10: No roll call recorded | N10: =IF(I10="","",I10-J10) | O10: =IF(I10="","",I10/(I10+J10))
A11: State | B11: Cordell Hull | C11: F. Roosevelt | D11: 1933 | G11: Confirmed | H11: No roll call recorded | N11: =IF(I11="","",I11-J11) | O11: =IF(I11="","",I11/(I11+J11))
A12: State | B12: Edward R. Stettinius Jr. | C12: F. Roosevelt | D12: 1944 | E12: 16406 | F12: 78 | G12: Confirmed | H12: Roll call | I12: 68 | J12: 1 | K12: 0 | L12: 26 | N12: =IF(I12="","",I12-J12) -> 67 | O12: =IF(I12="","",I12/(I12+J12)) -> 0.98550725 | Q12: RS0780206 | R12: Voteview member codes (not yea/nay) | S12: Voteview spells the name 'STETINIUS'. Member codes total 95, implying one vacant seat.
A13: State | B13: James F. Byrnes | C13: Truman | D13: 1945 | G13: Confirmed | H13: No roll call recorded | N13: =IF(I13="","",I13-J13) | O13: =IF(I13="","",I13/(I13+J13))
A14: State | B14: George C. Marshall | C14: Truman | D14: 1947 | G14: Confirmed | H14: No roll call recorded | N14: =IF(I14="","",I14-J14) | O14: =IF(I14="","",I14/(I14+J14))
A15: State | B15: Dean Acheson | C15: Truman | D15: 1949 | E15: 17916 | F15: 81 | G15: Confirmed | H15: Roll call | I15: 83 | J15: 6 | K15: 0 | L15: 7 | N15: =IF(I15="","",I15-J15) -> 77 | O15: =IF(I15="","",I15/(I15+J15)) -> 0.93258427 | Q15: RS0810006 | R15: Derived: 96 seats - yeas - nays (see Notes)
A16: State | B16: John Foster Dulles | C16: Eisenhower | D16: 1953 | G16: Confirmed | H16: No roll call recorded | N16: =IF(I16="","",I16-J16) | O16: =IF(I16="","",I16/(I16+J16))
A17: State | B17: Christian A. Herter | C17: Eisenhower | D17: 1959 | E17: 21661 | F17: 86 | G17: Confirmed | H17: Roll call | I17: 93 | J17: 0 | K17: 0 | L17: 5 | N17: =IF(I17="","",I17-J17) -> 93 | O17: =IF(I17="","",I17/(I17+J17)) -> 1 | Q17: RS0860033 | R17: Voteview member codes (not yea/nay) | S17: 98-seat Senate (Alaska admitted Jan. 1959; Hawaii not until Aug. 1959).
A18: State | B18: Dean Rusk | C18: Kennedy | D18: 1961 | G18: Confirmed | H18: No roll call recorded | N18: =IF(I18="","",I18-J18) | O18: =IF(I18="","",I18/(I18+J18))
A19: State | B19: William P. Rogers | C19: Nixon | D19: 1969 | G19: Confirmed | H19: No roll call recorded | N19: =IF(I19="","",I19-J19) | O19: =IF(I19="","",I19/(I19+J19))
A20: State | B20: Henry A. Kissinger | C20: Nixon | D20: 1973 | E20: 26928 | F20: 93 | G20: Confirmed | H20: Roll call | I20: 78 | J20: 7 | K20: 0 | L20: 15 | N20: =IF(I20="","",I20-J20) -> 71 | O20: =IF(I20="","",I20/(I20+J20)) -> 0.91764706 | Q20: RS0930394 | R20: Voteview member codes (not yea/nay)
A21: State | B21: Cyrus R. Vance | C21: Carter | D21: 1977 | E21: 28145 | F21: 95 | G21: Confirmed | H21: Voice vote | N21: =IF(I21="","",I21-J21) | O21: =IF(I21="","",I21/(I21+J21))
A22: State | B22: Edmund S. Muskie | C22: Carter | D22: 1980 | E22: 29348 | F22: 96 | G22: Confirmed | H22: Roll call | I22: 94 | J22: 2 | K22: 1 | L22: 3 | N22: =IF(I22="","",I22-J22) -> 92 | O22: =IF(I22="","",I22/(I22+J22)) -> 0.97916667 | P22: 102 | Q22: RS0960610 | R22: Voteview member codes (not yea/nay) | S22: One senator recorded as present (Voteview code 8).
A23: State | B23: Alexander M. Haig Jr. | C23: Reagan | D23: 1981 | E23: 29607 | F23: 97 | G23: Confirmed | H23: Roll call | I23: 93 | J23: 6 | K23: 0 | L23: 1 | N23: =IF(I23="","",I23-J23) -> 87 | O23: =IF(I23="","",I23/(I23+J23)) -> 0.93939394 | P23: 3 | Q23: RS0970003 | R23: Voteview member codes (not yea/nay)
A24: State | B24: George P. Shultz | C24: Reagan | D24: 1982 | E24: 30147 | F24: 97 | G24: Confirmed | H24: Roll call | I24: 97 | J24: 0 | K24: 0 | L24: 3 | N24: =IF(I24="","",I24-J24) -> 97 | O24: =IF(I24="","",I24/(I24+J24)) -> 1 | P24: 216 | Q24: RS0970713 | R24: Voteview member codes (not yea/nay) | S24: Voteview spells the name 'SCHULTZ'.
A25: State | B25: James A. Baker III | C25: G.H.W. Bush | D25: 1989 | E25: 32533 | F25: 101 | G25: Confirmed | H25: Roll call | I25: 99 | J25: 0 | K25: 0 | L25: 1 | N25: =IF(I25="","",I25-J25) -> 99 | O25: =IF(I25="","",I25/(I25+J25)) -> 1 | P25: 1 | R25: Senate roll call record (senate.gov)
A26: State | B26: Lawrence S. Eagleburger | C26: G.H.W. Bush | D26: 1992 | G26: Recess appointment | H26: No Senate vote | N26: =IF(I26="","",I26-J26) | O26: =IF(I26="","",I26/(I26+J26)) | S26: Served on a recess appointment; the Senate took no action on the nomination.
A27: State | B27: Warren Christopher | C27: Clinton | D27: 1993 | E27: 33989 | F27: 103 | G27: Confirmed | H27: Voice vote | N27: =IF(I27="","",I27-J27) | O27: =IF(I27="","",I27/(I27+J27))
A28: State | B28: Madeleine K. Albright | C28: Clinton | D28: 1997 | E28: 35452 | F28: 105 | G28: Confirmed | H28: Roll call | I28: 99 | J28: 0 | K28: 0 | L28: 1 | N28: =IF(I28="","",I28-J28) -> 99 | O28: =IF(I28="","",I28/(I28+J28)) -> 1 | P28: 1 | R28: Senate roll call record (senate.gov)
A29: State | B29: Colin L. Powell | C29: G.W. Bush | D29: 2001 | E29: 36911 | F29: 107 | G29: Confirmed | H29: Voice vote | N29: =IF(I29="","",I29-J29) | O29: =IF(I29="","",I29/(I29+J29))
A30: State | B30: Condoleezza Rice | C30: G.W. Bush | D30: 2005 | E30: 38378 | F30: 109 | G30: Confirmed | H30: Roll call | I30: 85 | J30: 13 | K30: 0 | L30: 2 | N30: =IF(I30="","",I30-J30) -> 72 | O30: =IF(I30="","",I30/(I30+J30)) -> 0.86734694 | P30: 2 | R30: Senate roll call record (senate.gov)
A31: State | B31: Hillary Rodham Clinton | C31: Obama | D31: 2009 | E31: 39834 | F31: 111 | G31: Confirmed | H31: Roll call | I31: 94 | J31: 2 | K31: 0 | L31: 2 | N31: =IF(I31="","",I31-J31) -> 92 | O31: =IF(I31="","",I31/(I31+J31)) -> 0.97916667 | P31: 6 | R31: Senate roll call record (senate.gov) | S31: Two seats vacant on the vote date (94+2+2=98).
A32: State | B32: John F. Kerry | C32: Obama | D32: 2013 | E32: 41303 | F32: 113 | G32: Confirmed | H32: Roll call | I32: 94 | J32: 3 | K32: 1 | L32: 2 | N32: =IF(I32="","",I32-J32) -> 91 | O32: =IF(I32="","",I32/(I32+J32)) -> 0.96907216 | P32: 5 | R32: Senate roll call record (senate.gov) | S32: Kerry voted 'present' on his own nomination.
A33: State | B33: Rex W. Tillerson | C33: Trump | D33: 2017 | E33: 42767 | F33: 115 | G33: Confirmed | H33: Roll call | I33: 56 | J33: 43 | K33: 0 | L33: 1 | N33: =IF(I33="","",I33-J33) -> 13 | O33: =IF(I33="","",I33/(I33+J33)) -> 0.56565657 | P33: 36 | R33: Senate roll call record (senate.gov)
A34: State | B34: Mike Pompeo | C34: Trump | D34: 2018 | E34: 43216 | F34: 115 | G34: Confirmed | H34: Roll call | I34: 57 | J34: 42 | K34: 0 | L34: 1 | N34: =IF(I34="","",I34-J34) -> 15 | O34: =IF(I34="","",I34/(I34+J34)) -> 0.57575758 | P34: 84 | R34: Senate roll call record (senate.gov)
A35: State | B35: Antony J. Blinken | C35: Biden | D35: 2021 | E35: 44222 | F35: 117 | G35: Confirmed | H35: Roll call | I35: 78 | J35: 22 | K35: 0 | L35: 0 | N35: =IF(I35="","",I35-J35) -> 56 | O35: =IF(I35="","",I35/(I35+J35)) -> 0.78 | P35: 7 | R35: Senate roll call record (senate.gov)
A36: State | B36: Marco Rubio | C36: Trump | D36: 2025 | E36: 45677 | F36: 119 | G36: Confirmed | H36: Roll call | I36: 99 | J36: 0 | K36: 0 | L36: 0 | N36: =IF(I36="","",I36-J36) -> 99 | O36: =IF(I36="","",I36/(I36+J36)) -> 1 | P36: 8 | R36: Senate roll call record (senate.gov) | S36: 99 senators: Rubio's own Florida seat was vacant.
A37: Treasury | B37: Leslie M. Shaw | C37: T. Roosevelt | D37: 1902 | G37: Confirmed | H37: No roll call recorded | N37: =IF(I37="","",I37-J37) | O37: =IF(I37="","",I37/(I37+J37))
A38: Treasury | B38: George B. Cortelyou | C38: T. Roosevelt | D38: 1907 | G38: Confirmed | H38: No roll call recorded | N38: =IF(I38="","",I38-J38) | O38: =IF(I38="","",I38/(I38+J38))
A39: Treasury | B39: Franklin MacVeagh | C39: Taft | D39: 1909 | G39: Confirmed | H39: No roll call recorded | N39: =IF(I39="","",I39-J39) | O39: =IF(I39="","",I39/(I39+J39))
A40: Treasury | B40: William G. McAdoo | C40: Wilson | D40: 1913 | G40: Confirmed | H40: No roll call recorded | N40: =IF(I40="","",I40-J40) | O40: =IF(I40="","",I40/(I40+J40))
A41: Treasury | B41: Carter Glass | C41: Wilson | D41: 1918 | G41: Confirmed | H41: No roll call recorded | N41: =IF(I41="","",I41-J41) | O41: =IF(I41="","",I41/(I41+J41))
A42: Treasury | B42: David F. Houston | C42: Wilson | D42: 1920 | G42: Confirmed | H42: No roll call recorded | N42: =IF(I42="","",I42-J42) | O42: =IF(I42="","",I42/(I42+J42))
A43: Treasury | B43: Andrew W. Mellon | C43: Harding | D43: 1921 | G43: Confirmed | H43: No roll call recorded | N43: =IF(I43="","",I43-J43) | O43: =IF(I43="","",I43/(I43+J43))
A44: Treasury | B44: Ogden L. Mills | C44: Hoover | D44: 1932 | G44: Confirmed | H44: No roll call recorded | N44: =IF(I44="","",I44-J44) | O44: =IF(I44="","",I44/(I44+J44))
A45: Treasury | B45: William H. Woodin | C45: F. Roosevelt | D45: 1933 | G45: Confirmed | H45: No roll call recorded | N45: =IF(I45="","",I45-J45) | O45: =IF(I45="","",I45/(I45+J45))
A46: Treasury | B46: Henry Morgenthau Jr. | C46: F. Roosevelt | D46: 1934 | G46: Confirmed | H46: No roll call recorded | N46: =IF(I46="","",I46-J46) | O46: =IF(I46="","",I46/(I46+J46))
A47: Treasury | B47: Fred M. Vinson | C47: Truman | D47: 1945 | G47: Confirmed | H47: No roll call recorded | N47: =IF(I47="","",I47-J47) | O47: =IF(I47="","",I47/(I47+J47))
A48: Treasury | B48: John W. Snyder | C48: Truman | D48: 1946 | G48: Confirmed | H48: No roll call recorded | N48: =IF(I48="","",I48-J48) | O48: =IF(I48="","",I48/(I48+J48))
... A52: Treasury | B52: Henry H. Fowler | C52: L. Johnson | D52: 1965 | G52: Confirmed | H52: No roll call recorded | N52: =IF(I52="","",I52-J52) | O52: =IF(I52="","",I52/(I52+J52))
A53: Treasury | B53: Joseph W. Barr | C53: L. Johnson | D53: 1968 | G53: Recess appointment | H53: No Senate vote | N53: =IF(I53="","",I53-J53) | O53: =IF(I53="","",I53/(I53+J53)) | S53: Took office Dec. 1968 while the Senate was adjourned; served the final month of the Johnson administration without a Senate vote.
A54: Treasury | B54: David M. Kennedy | C54: Nixon | D54: 1969 | G54: Confirmed | H54: No roll call recorded | N54: =IF(I54="","",I54-J54) | O54: =IF(I54="","",I54/(I54+J54))
A55: Treasury | B55: John B. Connally | C55: Nixon | D55: 1971 | G55: Confirmed | H55: No roll call recorded | N55: =IF(I55="","",I55-J55) | O55: =IF(I55="","",I55/(I55+J55))
A56: Treasury | B56: George P. Shultz | C56: Nixon | D56: 1972 | E56: 26458 | F56: 92 | G56: Confirmed | H56: Roll call | I56: 83 | J56: 0 | K56: 0 | L56: 17 | N56: =IF(I56="","",I56-J56) -> 83 | O56: =IF(I56="","",I56/(I56+J56)) -> 1 | Q56: RS0920604 | R56: Voteview member codes (not yea/nay) | S56: Voteview spells the name 'SCHULTZ'.
A57: Treasury | B57: William E. Simon | C57: Nixon | D57: 1974 | G57: Confirmed | H57: No roll call recorded | N57: =IF(I57="","",I57-J57) | O57: =IF(I57="","",I57/(I57+J57))
A58: Treasury | B58: W. Michael Blumenthal | C58: Carter | D58: 1977 | E58: 28145 | F58: 95 | G58: Confirmed | H58: Voice vote | N58: =IF(I58="","",I58-J58) | O58: =IF(I58="","",I58/(I58+J58))
A59: Treasury | B59: G. William Miller | C59: Carter | D59: 1979 | E59: 29069 | F59: 96 | G59: Confirmed | H59: Roll call | I59: 97 | J59: 1 | K59: 0 | L59: 2 | N59: =IF(I59="","",I59-J59) -> 96 | O59: =IF(I59="","",I59/(I59+J59)) -> 0.98979592 | P59: 247 | Q59: RS0960247 | R59: Voteview member codes (not yea/nay)
A60: Treasury | B60: Donald T. Regan | C60: Reagan | D60: 1981 | E60: 29607 | F60: 97 | G60: Confirmed | H60: Roll call | I60: 98 | J60: 0 | K60: 0 | L60: 2 | N60: =IF(I60="","",I60-J60) -> 98 | O60: =IF(I60="","",I60/(I60+J60)) -> 1 | P60: 6 | Q60: RS0970006 | R60: Voteview member codes (not yea/nay)
A61: Treasury | B61: James A. Baker III | C61: Reagan | D61: 1985 | E61: 31076 | F61: 99 | G61: Confirmed | H61: Roll call | I61: 95 | J61: 0 | K61: 0 | L61: 5 | N61: =IF(I61="","",I61-J61) -> 95 | O61: =IF(I61="","",I61/(I61+J61)) -> 1 | P61: 1 | Q61: RS0990001 | R61: Voteview member codes (not yea/nay)
A62: Treasury | B62: Nicholas F. Brady | C62: Reagan | D62: 1988 | E62: 32400 | F62: 100 | G62: Confirmed | H62: Roll call | I62: 92 | J62: 2 | K62: 0 | L62: 6 | N62: =IF(I62="","",I62-J62) -> 90 | O62: =IF(I62="","",I62/(I62+J62)) -> 0.9787234 | P62: 328 | Q62: RS1000748 | R62: Voteview member codes (not yea/nay) | S62: Continued into the G.H.W. Bush administration without a new nomination.
A63: Treasury | B63: Lloyd Bentsen | C63: Clinton | D63: 1993 | E63: 33989 | F63: 103 | G63: Confirmed | H63: Voice vote | N63: =IF(I63="","",I63-J63) | O63: =IF(I63="","",I63/(I63+J63))
A64: Treasury | B64: Robert E. Rubin | C64: Clinton | D64: 1995 | E64: 34709 | F64: 104 | G64: Confirmed | H64: Roll call | I64: 99 | J64: 0 | K64: 0 | L64: 1 | N64: =IF(I64="","",I64-J64) -> 99 | O64: =IF(I64="","",I64/(I64+J64)) -> 1 | P64: 12 | R64: Senate roll call record (senate.gov)
A65: Treasury | B65: Lawrence H. Summers | C65: Clinton | D65: 1999 | E65: 36342 | F65: 106 | G65: Confirmed | H65: Roll call | I65: 97 | J65: 2 | K65: 0 | L65: 1 | N65: =IF(I65="","",I65-J65) -> 95 | O65: =IF(I65="","",I65/(I65+J65)) -> 0.97979798 | P65: 195 | R65: Senate roll call record (senate.gov)
A66: Treasury | B66: Paul H. O'Neill | C66: G.W. Bush | D66: 2001 | E66: 36911 | F66: 107 | G66: Confirmed | H66: Voice vote | N66: =IF(I66="","",I66-J66) | O66: =IF(I66="","",I66/(I66+J66))
A67: Treasury | B67: John W. Snow | C67: G.W. Bush | D67: 2003 | E67: 37651 | F67: 108 | G67: Confirmed | H67: Unanimous consent | N67: =IF(I67="","",I67-J67) | O67: =IF(I67="","",I67/(I67+J67))
A68: Treasury | B68: Henry M. Paulson Jr. | C68: G.W. Bush | D68: 2006 | E68: 38896 | F68: 109 | G68: Confirmed | H68: Voice vote | N68: =IF(I68="","",I68-J68) | O68: =IF(I68="","",I68/(I68+J68))
A69: Treasury | B69: Timothy F. Geithner | C69: Obama | D69: 2009 | E69: 39839 | F69: 111 | G69: Confirmed | H69: Roll call | I69: 60 | J69: 34 | K69: 0 | L69: 4 | N69: =IF(I69="","",I69-J69) -> 26 | O69: =IF(I69="","",I69/(I69+J69)) -> 0.63829787 | P69: 15 | R69: Senate roll call record (senate.gov) | S69: Two seats vacant on the vote date (60+34+4=98).
A70: Treasury | B70: Jacob J. Lew | C70: Obama | D70: 2013 | E70: 41332 | F70: 113 | G70: Confirmed | H70: Roll call | I70: 71 | J70: 26 | K70: 0 | L70: 3 | N70: =IF(I70="","",I70-J70) -> 45 | O70: =IF(I70="","",I70/(I70+J70)) -> 0.73195876 | P70: 25 | R70: Senate roll call record (senate.gov)
A71: Treasury | B71: Steven T. Mnuchin | C71: Trump | D71: 2017 | E71: 42779 | F71: 115 | G71: Confirmed | H71: Roll call | I71: 53 | J71: 47 | K71: 0 | L71: 0 | N71: =IF(I71="","",I71-J71) -> 6 | O71: =IF(I71="","",I71/(I71+J71)) -> 0.53 | P71: 63 | R71: Senate roll call record (senate.gov)
A72: Treasury | B72: Janet L. Yellen | C72: Biden | D72: 2021 | E72: 44221 | F72: 117 | G72: Confirmed | H72: Roll call | I72: 84 | J72: 15 | K72: 0 | L72: 1 | N72: =IF(I72="","",I72-J72) -> 69 | O72: =IF(I72="","",I72/(I72+J72)) -> 0.84848485 | P72: 6 | R72: Senate roll call record (senate.gov)
A73: Treasury | B73: Scott Bessent | C73: Trump | D73: 2025 | E73: 45684 | F73: 119 | G73: Confirmed | H73: Roll call | I73: 68 | J73: 29 | K73: 0 | L73: 3 | N73: =IF(I73="","",I73-J73) -> 39 | O73: =IF(I73="","",I73/(I73+J73)) -> 0.70103093 | P73: 19 | R73: Senate roll call record (senate.gov)
A74: Defense | B74: James V. Forrestal | C74: Truman | D74: 1947 | G74: Confirmed | H74: No roll call recorded | N74: =IF(I74="","",I74-J74) | O74: =IF(I74="","",I74/(I74+J74)) | S74: First Secretary of Defense.
A75: Defense | B75: Louis A. Johnson | C75: Truman | D75: 1949 | G75: Confirmed | H75: No roll call recorded | N75: =IF(I75="","",I75-J75) | O75: =IF(I75="","",I75/(I75+J75))
A76: Defense | B76: George C. Marshall | C76: Truman | D76: 1950 | E76: 18526 | F76: 81 | G76: Confirmed | H76: Roll call | I76: 57 | J76: 11 | K76: 0 | L76: 28 | N76: =IF(I76="","",I76-J76) -> 46 | O76: =IF(I76="","",I76/(I76+J76)) -> 0.83823529 | Q76: RS0810441 | R76: Derived: 96 seats - yeas - nays (see Notes) | S76: Required a statutory waiver of the civilian-control rule; the Senate passed the waiver bill 47-21 on Sept. 15, 1950 (not counted here).
A77: Defense | B77: Robert A. Lovett | C77: Truman | D77: 1951 | G77: Confirmed | H77: No roll call recorded | N77: =IF(I77="","",I77-J77) | O77: =IF(I77="","",I77/(I77+J77))
A78: Defense | B78: Charles E. Wilson | C78: Eisenhower | D78: 1953 | E78: 19385 | F78: 83 | G78: Confirmed | H78: Roll call | I78: 77 | J78: 6 | K78: 0 | L78: 13 | N78: =IF(I78="","",I78-J78) -> 71 | O78: =IF(I78="","",I78/(I78+J78)) -> 0.92771084 | Q78: RS0830003 | R78: Voteview member codes (not yea/nay)
A79: Defense | B79: Neil H. McElroy | C79: Eisenhower | D79: 1957 | G79: Confirmed | H79: No roll call recorded | N79: =IF(I79="","",I79-J79) | O79: =IF(I79="","",I79/(I79+J79))
A80: Defense | B80: Thomas S. Gates Jr. | C80: Eisenhower | D80: 1959 | G80: Confirmed | H80: No roll call recorded | N80: =IF(I80="","",I80-J80) | O80: =IF(I80="","",I80/(I80+J80))
A81: Defense | B81: Robert S. McNamara | C81: Kennedy | D81: 1961 | G81: Confirmed | H81: No roll call recorded | N81: =IF(I81="","",I81-J81) | O81: =IF(I81="","",I81/(I81+J81))
A82: Defense | B82: Clark M. Clifford | C82: L. Johnson | D82: 1968 | G82: Confirmed | H82: No roll call recorded | N82: =IF(I82="","",I82-J82) | O82: =IF(I82="","",I82/(I82+J82))
A83: Defense | B83: Melvin R. Laird | C83: Nixon | D83: 1969 | G83: Confirmed | H83: No roll call recorded | N83: =IF(I83="","",I83-J83) | O83: =IF(I83="","",I83/(I83+J83))
A84: Defense | B84: Elliot L. Richardson | C84: Nixon | D84: 1973 | E84: 26693 | F84: 93 | G84: Confirmed | H84: Roll call | I84: 81 | J84: 1 | K84: 0 | L84: 18 | N84: =IF(I84="","",I84-J84) -> 80 | O84: =IF(I84="","",I84/(I84+J84)) -> 0.98780488 | Q84: RS0930003 | R84: Voteview member codes (not yea/nay)
A85: Defense | B85: James R. Schlesinger | C85: Nixon | D85: 1973 | E85: 26843 | F85: 93 | G85: Confirmed | H85: Roll call | I85: 91 | J85: 0 | K85: 0 | L85: 9 | N85: =IF(I85="","",I85-J85) -> 91 | O85: =IF(I85="","",I85/(I85+J85)) -> 1 | Q85: RS0930243 | R85: Voteview member codes (not yea/nay)
A86: Defense | B86: Donald H. Rumsfeld | C86: Ford | D86: 1975 | E86: 27716 | F86: 94 | G86: Confirmed | H86: Roll call | I86: 95 | J86: 2 | K86: 0 | L86: 3 | N86: =IF(I86="","",I86-J86) -> 93 | O86: =IF(I86="","",I86/(I86+J86)) -> 0.97938144 | Q86: RS0940497 | R86: Voteview member codes (not yea/nay)
A87: Defense | B87: Harold Brown | C87: Carter | D87: 1977 | E87: 28145 | F87: 95 | G87: Confirmed | H87: Voice vote | N87: =IF(I87="","",I87-J87) | O87: =IF(I87="","",I87/(I87+J87))
A88: Defense | B88: Caspar W. Weinberger | C88: Reagan | D88: 1981 | E88: 29606 | F88: 97 | G88: Confirmed | H88: Roll call | I88: 97 | J88: 2 | K88: 0 | L88: 1 | N88: =IF(I88="","",I88-J88) -> 95 | O88: =IF(I88="","",I88/(I88+J88)) -> 0.97979798 | P88: 1 | Q88: RS0970001 | R88: Voteview member codes (not yea/nay)
A89: Defense | B89: Frank C. Carlucci | C89: Reagan | D89: 1987 | E89: 32101 | F89: 100 | G89: Confirmed | H89: Roll call | I89: 91 | J89: 1 | K89: 0 | L89: 8 | N89: =IF(I89="","",I89-J89) -> 90 | O89: =IF(I89="","",I89/(I89+J89)) -> 0.98913043 | P89: 385 | Q89: RS1000385 | R89: Voteview member codes (not yea/nay)
A90: Defense | B90: John G. Tower | C90: G.H.W. Bush | D90: 1989 | E90: 32576 | F90: 101 | G90: Rejected | H90: Roll call | I90: 47 | J90: 53 | K90: 0 | L90: 0 | N90: =IF(I90="","",I90-J90) -> -6 | O90: =IF(I90="","",I90/(I90+J90)) -> 0.47 | P90: 20 | R90: Senate roll call record (senate.gov) | S90: The only one of these nominations the Senate rejected.
A91: Defense | B91: Richard B. Cheney | C91: G.H.W. Bush | D91: 1989 | E91: 32584 | F91: 101 | G91: Confirmed | H91: Roll call | I91: 92 | J91: 0 | K91: 0 | L91: 8 | N91: =IF(I91="","",I91-J91) -> 92 | O91: =IF(I91="","",I91/(I91+J91)) -> 1 | P91: 26 | R91: Senate roll call record (senate.gov)
A92: Defense | B92: Les Aspin | C92: Clinton | D92: 1993 | E92: 33989 | F92: 103 | G92: Confirmed | H92: Voice vote | N92: =IF(I92="","",I92-J92) | O92: =IF(I92="","",I92/(I92+J92))
A93: Defense | B93: William J. Perry | C93: Clinton | D93: 1994 | E93: 34368 | F93: 103 | G93: Confirmed | H93: Roll call | I93: 97 | J93: 0 | K93: 0 | L93: 3 | N93: =IF(I93="","",I93-J93) -> 97 | O93: =IF(I93="","",I93/(I93+J93)) -> 1 | P93: 23 | R93: Senate roll call record (senate.gov)
A94: Defense | B94: William S. Cohen | C94: Clinton | D94: 1997 | E94: 35452 | F94: 105 | G94: Confirmed | H94: Roll call | I94: 99 | J94: 0 | K94: 0 | L94: 1 | N94: =IF(I94="","",I94-J94) -> 99 | O94: =IF(I94="","",I94/(I94+J94)) -> 1 | P94: 2 | R94: Senate roll call record (senate.gov)
A95: Defense | B95: Donald H. Rumsfeld | C95: G.W. Bush | D95: 2001 | E95: 36911 | F95: 107 | G95: Confirmed | H95: Voice vote | N95: =IF(I95="","",I95-J95) | O95: =IF(I95="","",I95/(I95+J95))
A96: Defense | B96: Robert M. Gates | C96: G.W. Bush | D96: 2006 | E96: 39057 | F96: 109 | G96: Confirmed | H96: Roll call | I96: 95 | J96: 2 | K96: 0 | L96: 3 | N96: =IF(I96="","",I96-J96) -> 93 | O96: =IF(I96="","",I96/(I96+J96)) -> 0.97938144 | P96: 272 | R96: Senate roll call record (senate.gov) | S96: Continued into the Obama administration without a new nomination.
A97: Defense | B97: Leon E. Panetta | C97: Obama | D97: 2011 | E97: 40715 | F97: 112 | G97: Confirmed | H97: Roll call | I97: 100 | J97: 0 | K97: 0 | L97: 0 | N97: =IF(I97="","",I97-J97) -> 100 | O97: =IF(I97="","",I97/(I97+J97)) -> 1 | P97: 93 | R97: Senate roll call record (senate.gov)
A98: Defense | B98: Chuck Hagel | C98: Obama | D98: 2013 | E98: 41331 | F98: 113 | G98: Confirmed | H98: Roll call | I98: 58 | J98: 41 | K98: 0 | L98: 1 | N98: =IF(I98="","",I98-J98) -> 17 | O98: =IF(I98="","",I98/(I98+J98)) -> 0.58585859 | P98: 24 | R98: Senate roll call record (senate.gov)
A99: Defense | B99: Ashton B. Carter | C99: Obama | D99: 2015 | E99: 42047 | F99: 114 | G99: Confirmed | H99: Roll call | I99: 93 | J99: 5 | K99: 0 | L99: 2 | N99: =IF(I99="","",I99-J99) -> 88 | O99: =IF(I99="","",I99/(I99+J99)) -> 0.94897959 | P99: 56 | R99: Senate roll call record (senate.gov)
A100: Defense | B100: James N. Mattis | C100: Trump | D100: 2017 | E100: 42755 | F100: 115 | G100: Confirmed | H100: Roll call | I100: 98 | J100: 1 | K100: 0 | L100: 1 | N100: =IF(I100="","",I100-J100) -> 97 | O100: =IF(I100="","",I100/(I100+J100)) -> 0.98989899 | P100: 29 | Q100: RS1150029 | R100: Senate roll call record (senate.gov) | S100: Also required a statutory waiver (recently retired officer).
A101: Defense | B101: Patrick M. Shanahan | C101: Trump | D101: 2019 | E101: 43634 | F101: 116 | G101: Withdrawn | H101: No Senate vote | N101: =IF(I101="","",I101-J101) | O101: =IF(I101="","",I101/(I101+J101)) | S101: Nomination withdrawn.
A102: Defense | B102: Mark T. Esper | C102: Trump | D102: 2019 | E102: 43669 | F102: 116 | G102: Confirmed | H102: Roll call | I102: 90 | J102: 8 | K102: 0 | L102: 2 | N102: =IF(I102="","",I102-J102) -> 82 | O102: =IF(I102="","",I102/(I102+J102)) -> 0.91836735 | P102: 220 | R102: Senate roll call record (senate.gov)
A103: Defense | B103: Lloyd J. Austin III | C103: Biden | D103: 2021 | E103: 44218 | F103: 117 | G103: Confirmed | H103: Roll call | I103: 93 | J103: 2 | K103: 0 | L103: 5 | N103: =IF(I103="","",I103-J103) -> 91 | O103: =IF(I103="","",I103/(I103+J103)) -> 0.97894737 | P103: 5 | R103: Senate roll call record (senate.gov) | S103: Also required a statutory waiver (recently retired officer).
...

Sheet Summary
A1: Department | B1: Nominations | C1: Recorded Roll Calls | D1: Share with Roll Call | E1: Roll Calls with 10+ Nays | F1: Average Yea Share (roll calls) | G1: Total Nays Cast | H1: Coverage
A2: State | B2: =COUNTIFS(Votes!$A:$A,A2) -> 35 | C2: =COUNTIFS(Votes!$A:$A,A2,Votes!$H:$H,"Roll call") -> 16 | D2: =IF(B2=0,"",C2/B2) -> 0.45714286 | E2: =COUNTIFS(Votes!$A:$A,A2,Votes!$J:$J,">=10") -> 4 | F2: =IFERROR(AVERAGEIFS(Votes!$O:$O,Votes!$A:$A,A2,Votes!$H:$H,"Roll call"),"") -> 0.90570619 | G2: =SUMIFS(Votes!$J:$J,Votes!$A:$A,A2) -> 147 | H2: 1900-2025
A3: Treasury | B3: =COUNTIFS(Votes!$A:$A,A3) -> 37 | C3: =COUNTIFS(Votes!$A:$A,A3,Votes!$H:$H,"Roll call") -> 12 | D3: =IF(B3=0,"",C3/B3) -> 0.32432432 | E3: =COUNTIFS(Votes!$A:$A,A3,Votes!$J:$J,">=10") -> 5 | F3: =IFERROR(AVERAGEIFS(Votes!$O:$O,Votes!$A:$A,A3,Votes!$H:$H,"Roll call"),"") -> 0.86650748 | G3: =SUMIFS(Votes!$J:$J,Votes!$A:$A,A3) -> 156 | H3: 1900-2025
A4: Defense | B4: =COUNTIFS(Votes!$A:$A,A4) -> 31 | C4: =COUNTIFS(Votes!$A:$A,A4,Votes!$H:$H,"Roll call") -> 19 | D4: =IF(B4=0,"",C4/B4) -> 0.61290323 | E4: =COUNTIFS(Votes!$A:$A,A4,Votes!$J:$J,">=10") -> 4 | F4: =IFERROR(AVERAGEIFS(Votes!$O:$O,Votes!$A:$A,A4,Votes!$H:$H,"Roll call"),"") -> 0.89860496 | G4: =SUMIFS(Votes!$J:$J,Votes!$A:$A,A4) -> 185 | H4: 1947-2025
A5: All | B5: =SUM(B2:B4) -> 103 | C5: =SUM(C2:C4) -> 47 | D5: =IF(B5=0,"",C5/B5) -> 0.45631068 | E5: =SUM(E2:E4) -> 13 | F5: =IFERROR(AVERAGEIFS(Votes!$O:$O,Votes!$H:$H,"Roll call"),"") -> 0.8928273 | G5: =SUM(G2:G4) -> 488
A7: Averages use the Yea Share column, which counts only yeas and nays. Hegseth's 50-50 tie is counted as 50%.

Sheet Sources & Notes
A1: Topic | B1: Note
A2: Scope | B2: One row per nomination that reached the Senate: Secretary of State and Secretary of the Treasury from 1900, Secretary of Defense from its creation in 1947. Officials who carried over from a previous administration without a new nomination (e.g., Brady 1989, Gates 2009) are not separate rows. John Hay (State, appointed 1898) and Lyman Gage (Treasury, appointed 1897) predate the window.
A3: No roll call recorded | B3: For most nominations before the late 1970s the Senate confirmed without a recorded vote (voice vote or unanimous consent). For 1900-1976 these were identified by sweeping every Senate appointment and confirmation roll call in Voteview, Congress by Congress, not only by searching nominee names. Voteview misspells several names (STETINIUS, SCHULTZ), so name searches alone miss votes. Voteview includes pre-1929 executive-session roll calls, e.g., Kellogg's 1923 ambassadorship vote.
A4: Vote type, 1977-2025 | B4: Taken from the Senate's cabinet-nomination tables for each administration (Carter through Trump, 2nd term), which distinguish roll call, voice vote and unanimous consent.
A5: Yeas / Nays | B5: 1977 onward: Senate cabinet tables, which agree with Voteview in every case checked. Before 1977: Voteview roll-call records.
A6: Not Voting: 1989 onward | B6: Official counts from each Senate roll-call vote page (senate.gov LIS). These reflect vacancies. For example, Clinton and Geithner (Jan. 2009) were voted on with two seats empty.
A7: Not Voting: before 1989 | B7: The Senate publishes no roll-call pages before 1989, so these come from Voteview's member-level vote codes: everyone seated who did not cast a yea or nay (paired, announced, absent). In every case except the 81st Congress, the codes sum to the seats filled on the vote date. The 81st Congress (Acheson 1949, Marshall 1950) is anomalous in Voteview: its code totals exceed 96 because members who served at any point in that Congress are included. For those two votes, Not Voting is computed as 96 - yeas - nays, which assumes no vacancies. Verify against the Congressional Record if exact figures matter.
A8: Present | B8: Recorded separately where it occurred: Kerry 2013 (voted present on his own nomination) and Muskie 1980.
A9: Hegseth (2025) | B9: The Senate divided 50-50 and Vice President Vance cast the tie-breaking vote. Yeas records senators only (50); VP Tie-Break = Yea. The Senate's cabinet table shows the result as 51-50.
A10: Senate Roll Call No. | B10: Session-specific roll call number as published by the Senate (1977 onward). Voteview ID is Voteview's rollcall identifier (RS + Congress + sequence), shown where Voteview was the source.
A11: Year / Senate Action Date | B11: Year is the year of appointment. Senate Action Date is given where it was verified from a Senate or Voteview record; it is left blank for early nominations confirmed without a roll call.
A12: Sources | B12: U.S. Senate, cabinet nomination tables (senate.gov/legislative/nominations/, Carter_cabinet.htm through Trump_47_cabinet.htm); U.S. Senate roll call vote pages (senate.gov/legislative/LIS/roll_call_votes/); Lewis, Jeffrey B., et al. Voteview: Congressional Roll-Call Votes Database (voteview.com); U.S. Treasury, Prior Secretaries (home.treasury.gov). Compiled September 2026.
